customerID,gender,SeniorCitizen,tenure,MonthlyCharges,TotalCharges,Churn
CUST1,Male,0,48,106.17,5133.13,No
CUST2,Female,0,66,79.03,5256.8,No
CUST3,Male,0,70,42.63,2963.57,Yes
CUST4,Male,0,28,58.42,1610.39,No
CUST5,Male,0,26,65.01,1605.26,No
CUST6,Female,0,25,77.93,1935.28,Yes
CUST7,Male,1,12,95.94,1198.05,No
CUST8,Male,0,5,29.89,139.25,No
CUST9,Male,1,48,108.97,5252.84,No
CUST10,Female,0,37,21.23,841.07,Yes
CUST11,Male,0,44,57.01,2527.08,No
CUST12,Male,0,15,22.74,364.63,No
CUST13,Male,1,43,59.3,2482.01,No
CUST14,Male,1,48,72.58,3467.71,No
CUST15,Female,0,70,71.17,5068.23,Yes
CUST16,Male,0,46,36.56,1686.95,Yes
CUST17,Female,0,43,84.57,3731.35,Yes
CUST18,Female,0,21,24.48,477.92,No
CUST19,Female,1,23,96.19,2224.07,Yes
CUST20,Male,0,47,114.66,5369.89,Yes
CUST21,Female,0,15,53.98,839.3,No
CUST22,Male,0,25,71.72,1837.75,Yes
CUST23,Female,1,36,57.89,2114.16,Yes
CUST24,Female,0,51,20.67,1106.26,No
CUST25,Female,0,15,58.59,878.19,Yes
CUST26,Female,0,68,99.17,6734.03,No
CUST27,Female,0,21,79.6,1583.69,No
CUST28,Female,0,13,30.13,423.61,No
CUST29,Female,0,19,104.71,1998.1,No
CUST30,Female,1,34,73.11,2482.34,No
CUST31,Male,0,68,104.17,7074.02,No
CUST32,Male,1,52,78.02,4055.2,No
CUST33,Female,1,27,75.97,2039.38,No
CUST34,Female,0,29,30.53,858.97,No
CUST35,Female,0,28,36.74,1040.7,No
CUST36,Male,1,35,117.2,4126.21,No
CUST37,Female,0,8,42.85,304.27,Yes
CUST38,Male,0,16,117.75,1863.96,Yes
CUST39,Male,0,36,73.19,2624.61,Yes
CUST40,Male,0,30,33.58,1007.64,No
CUST41,Male,1,18,29.93,532.33,No
CUST42,Male,0,2,40.89,114.77,No
CUST43,Female,0,49,112.56,5432.82,No
CUST44,Female,0,4,61.42,171.93,No
CUST45,Female,0,7,59.54,426.46,Yes
CUST46,Female,0,39,51.32,1971.35,Yes
CUST47,Female,0,13,34.71,495.44,No
CUST48,Male,0,31,68.79,2190.98,No
CUST49,Female,0,71,33,2354.69,No
CUST50,Female,0,63,103.55,6470.05,No
CUST51,Male,0,56,57.04,3246.97,Yes
CUST52,Female,1,42,57.48,2424.11,No
CUST53,Male,0,61,67.4,4037.05,No
CUST54,Female,0,42,64.41,2635.29,Yes
CUST55,Male,1,56,119.49,6767.29,No
CUST56,Female,0,36,74.54,2751,No
CUST57,Female,0,68,28.82,1833.9,No
CUST58,Male,0,7,80.69,496.94,No
CUST59,Male,0,54,35.16,1955.68,No
CUST60,Male,0,1,23.09,22.17,Yes
CUST61,Male,0,44,117.07,5186.17,No
CUST62,Male,0,45,97.35,4377.65,No
CUST63,Male,0,47,118.01,5579.19,Yes
CUST64,Male,0,13,67.79,881.56,Yes
CUST65,Male,0,22,73.23,1589.18,No
CUST66,Female,0,21,36.83,826.37,No
CUST67,Female,0,9,44.69,412.31,Yes
CUST68,Male,0,26,103.85,2732.72,No
CUST69,Female,1,9,55.62,508.45,No
CUST70,Female,0,15,102.68,1515.88,Yes
CUST71,Female,0,10,90.9,989.42,Yes
CUST72,Female,0,42,37.72,1601.99,No
CUST73,Male,0,24,70.74,1680.01,Yes
CUST74,Female,0,49,87.74,4363.18,No
CUST75,Male,1,26,43.5,1064.96,Yes
CUST76,Female,1,37,103.07,3925.4,No
CUST77,Female,0,68,74.48,5055.68,No
CUST78,Female,1,50,36.52,1762.6,No
CUST79,Male,0,24,78.3,1974.5,No
CUST80,Female,0,19,119.97,2256.27,No
CUST81,Male,0,60,35.05,2115.16,No
CUST82,Female,1,39,101.68,4001.4,No
CUST83,Male,0,18,40.73,792.35,Yes
CUST84,Female,0,19,98.24,1881.55,No
CUST85,Male,0,36,93.46,3332.19,Yes
CUST86,Male,0,55,50.05,2763.7,No
CUST87,Female,0,69,52.58,3607.05,No
CUST88,Male,0,47,99.25,4677.2,No
CUST89,Female,0,49,66.14,3322.27,Yes
CUST90,Female,0,33,93.08,3109.44,No
CUST91,Female,0,21,34.8,741.13,No
CUST92,Female,0,22,105.26,2352.64,No
CUST93,Female,0,48,91.09,4412.82,No
CUST94,Female,0,37,110.69,4041.64,Yes
CUST95,Female,1,15,33.24,500.69,No
CUST96,Female,0,35,79.3,2903.63,No
CUST97,Female,0,71,79.91,5734.25,No
CUST98,Female,0,32,55.35,1746.03,No
CUST99,Female,0,11,65.85,694.19,Yes
CUST100,Male,0,10,23.8,206.17,Yes
CUST101,Male,0,57,94.59,5434.95,No
CUST102,Female,0,25,74.93,1953.63,Yes
CUST103,Female,0,2,25.77,80.65,No
CUST104,Female,0,64,88.08,5644.98,No
CUST105,Female,0,35,66.68,2311.59,Yes
CUST106,Female,0,7,23.45,180.62,No
CUST107,Female,0,18,116.96,2064.27,Yes
CUST108,Female,0,67,114.91,7602.18,No
CUST109,Female,0,42,71.29,3076.02,Yes
CUST110,Male,0,39,29.37,1095.14,Yes
CUST111,Female,0,41,95.46,3897.62,No
CUST112,Male,0,24,69.19,1693.38,No
CUST113,Female,0,60,50.24,3086.12,No
CUST114,Female,0,46,69.14,3193.3,No
CUST115,Male,1,19,72.24,1312.87,No
CUST116,Female,1,68,76.27,5171.29,No
CUST117,Male,0,42,64.12,2659.12,No
CUST118,Female,0,32,80.58,2576.65,No
CUST119,Female,0,39,111.87,4424.53,No
CUST120,Male,0,36,56.23,1897.41,No
CUST121,Female,0,36,92.57,3311.95,No
CUST122,Male,0,3,109.45,304.15,No
CUST123,Female,0,8,65.6,461.96,No
CUST124,Male,0,70,64.35,4533.77,No
CUST125,Male,0,41,80.21,3217.86,No
CUST126,Female,0,68,79.14,5316.53,Yes
CUST127,Female,0,13,100.66,1351.13,No
CUST128,Male,0,49,67.65,3389.88,Yes
CUST129,Female,0,60,119.61,7172.8,No
CUST130,Female,0,2,25.95,-8.97,Yes
CUST131,Female,0,60,20.32,1183.92,No
CUST132,Male,1,5,84.02,470.5,Yes
CUST133,Male,0,44,49.84,2198.78,Yes
CUST134,Male,0,27,44.04,1184.03,No
CUST135,Male,0,32,51.19,1653.73,No
CUST136,Male,0,21,45.6,955.72,Yes
CUST137,Male,0,8,23.08,261.93,No
CUST138,Male,0,50,117.15,5820.04,No
CUST139,Male,0,67,42.07,2775.49,Yes
CUST140,Male,0,44,93.4,4040.43,Yes
CUST141,Female,0,58,96.26,5556.08,No
CUST142,Male,0,3,112.93,284.19,No
CUST143,Female,0,70,23.05,1624.4,Yes
CUST144,Female,0,2,107.2,215.45,No
CUST145,Female,0,44,72.72,3145.73,No
CUST146,Male,1,2,83.25,195.96,No
CUST147,Male,0,35,84.45,3031.59,No
CUST148,Male,0,30,101.98,3077.29,No
CUST149,Male,0,8,53.34,299.55,No
CUST150,Female,0,22,93.31,2152.18,No
CUST151,Male,0,44,72.86,3243.19,No
CUST152,Male,0,58,99.34,5859.54,No
CUST153,Male,0,36,119.05,4340.34,No
CUST154,Male,0,69,40.07,2829.36,Yes
CUST155,Male,0,31,119.46,3713.52,No
CUST156,Female,0,47,28.98,1348.95,No
CUST157,Male,0,55,20.23,1131.32,No
CUST158,Female,0,62,24.42,1478.6,No
CUST159,Male,0,30,54.18,1647.09,No
CUST160,Female,0,55,83.29,4449.61,Yes
CUST161,Male,0,16,26.9,432.55,No
CUST162,Male,1,12,20.57,314.07,No
CUST163,Female,0,17,113.71,1937.79,Yes
CUST164,Female,0,16,102.19,1721.41,Yes
CUST165,Female,0,12,100.92,1197.85,No
CUST166,Male,0,8,108.44,917.65,Yes
CUST167,Female,0,3,90,226.09,Yes
CUST168,Male,0,16,30.44,535.14,No
CUST169,Male,0,30,59.91,1808.93,No
CUST170,Female,0,23,92.31,2112.14,No
CUST171,Female,0,5,48.03,111.46,No
CUST172,Male,1,65,88.74,5755.38,Yes
CUST173,Male,0,30,22.45,684.17,No
CUST174,Female,0,21,50.61,1104.25,No
CUST175,Female,0,70,74.91,5321.75,No
CUST176,Female,1,22,83.21,1932.37,No
CUST177,Male,0,32,77.7,2548.71,No
CUST178,Male,0,33,89.78,2934.64,No
CUST179,Male,1,16,20.61,314.52,No
CUST180,Male,1,38,30.09,1180.37,No
CUST181,Male,0,14,106.89,1522.44,No
CUST182,Male,0,36,88.17,3255.54,No
CUST183,Female,0,23,31.29,843.64,No
CUST184,Male,0,66,104.21,6991.22,No
CUST185,Male,1,2,44.22,163.14,No
CUST186,Male,0,65,67.83,4435.35,No
CUST187,Female,0,67,34.52,2380.31,No
CUST188,Male,0,52,91.01,4815.59,No
CUST189,Male,0,62,86.69,5367.41,No
CUST190,Female,0,23,41.11,918.9,No
CUST191,Male,0,26,106.34,2726.47,No
CUST192,Male,0,68,60.13,4045.02,No
CUST193,Male,0,55,49.25,2639.65,No
CUST194,Male,0,6,35.23,223.88,No
CUST195,Male,0,35,46.62,1581.71,No
CUST196,Female,0,22,22.2,449.22,No
CUST197,Female,0,43,78.33,3403.25,Yes
CUST198,Female,0,15,104.22,1572.38,No
CUST199,Male,0,60,74.9,4515.48,No
CUST200,Male,0,12,41.93,571.42,No
CUST201,Male,0,49,23.37,1188.36,No
CUST202,Female,0,42,41.46,1817.26,No
CUST203,Male,0,38,61.61,2345.18,No
CUST204,Male,0,45,95.96,4398.79,No
CUST205,Female,0,35,38.78,1375.29,No
CUST206,Male,1,30,91.98,2767.84,No
CUST207,Female,0,30,106.69,3273.78,Yes
CUST208,Female,0,6,65.39,348.73,No
CUST209,Female,0,67,102.14,6944.56,No
CUST210,Male,0,7,75.47,514.18,No
CUST211,Male,0,52,83.71,4292.01,No
CUST212,Male,0,14,72.63,1049.5,No
CUST213,Male,0,15,66.32,975.93,Yes
CUST214,Male,0,21,43.47,1014.16,No
CUST215,Male,0,35,50.32,1739.55,Yes
CUST216,Male,1,66,49,3249.72,No
CUST217,Female,0,2,76.33,81.38,No
CUST218,Male,1,35,32,1160.65,No
CUST219,Female,0,20,111.68,2194.73,No
CUST220,Male,0,10,92.07,955.37,Yes
CUST221,Male,1,25,60.14,1482.08,Yes
CUST222,Male,0,66,35.86,2264.41,No
CUST223,Female,0,25,108.2,2711.56,Yes
CUST224,Female,0,54,102.38,5532.84,No
CUST225,Female,0,33,92.17,3085.66,Yes
CUST226,Female,0,36,47.15,1775.2,No
CUST227,Male,0,14,60.24,938.98,No
CUST228,Female,0,65,30.27,2010.76,Yes
CUST229,Male,0,54,38.9,2114.53,No
CUST230,Male,0,52,98.3,5040.23,No
CUST231,Female,0,3,91.5,284.6,Yes
CUST232,Female,0,41,79.35,3264.1,No
CUST233,Female,0,6,109.57,647.49,No
CUST234,Female,0,25,78.33,1989.9,No
CUST235,Female,0,13,66.7,923.2,Yes
CUST236,Female,1,8,54.04,391.4,No
CUST237,Female,0,21,114.04,2353.14,Yes
CUST238,Female,0,68,28.27,1915.4,Yes
CUST239,Male,0,25,113.09,2796.49,No
CUST240,Female,0,68,102.67,6899.5,No
CUST241,Female,0,45,32.99,1434.72,No
CUST242,Male,0,60,76.5,4528.38,No
CUST243,Female,0,12,106.65,1340.22,Yes
CUST244,Male,0,32,77.18,2554.9,No
CUST245,Male,0,13,110.72,1384.59,Yes
CUST246,Female,1,31,114.3,3570.6,Yes
CUST247,Male,0,20,62.24,1288.48,No
CUST248,Male,0,18,57.73,964.53,No
CUST249,Male,1,60,113.63,6825.85,No
CUST250,Male,0,63,87.51,5639.81,Yes
CUST251,Female,0,6,31.6,223.46,No
CUST252,Male,1,32,24.23,763.09,No
CUST253,Female,0,43,76.46,3259.77,Yes
CUST254,Male,0,2,113.02,124.92,No
CUST255,Male,0,60,104.42,6288.72,Yes
CUST256,Male,0,23,87.58,2111.73,No
CUST257,Male,0,31,33.91,1010.53,No
CUST258,Female,0,5,45.42,130.32,Yes
CUST259,Female,1,34,107.55,3623.49,No
CUST260,Male,0,10,38.28,426.88,No
CUST261,Male,0,2,47.84,74.25,Yes
CUST262,Female,0,11,32.96,321.54,No
CUST263,Male,0,50,87.61,4381.46,No
CUST264,Male,0,31,114.4,3557.89,Yes
CUST265,Male,0,56,46.9,2556.98,No
CUST266,Female,0,9,67.54,597,No
CUST267,Female,0,21,83.43,1727.17,No
CUST268,Female,1,28,119.95,3326.55,No
CUST269,Male,0,62,30.48,1838.91,No
CUST270,Male,0,7,69.86,536.08,No
CUST271,Female,0,16,58.51,903.94,No
CUST272,Female,0,4,106.58,326.57,No
CUST273,Female,0,4,67.6,283.61,No
CUST274,Female,0,40,31.1,1280.26,No
CUST275,Male,0,17,83.44,1378.68,Yes
CUST276,Female,0,52,97.08,5020.18,No
CUST277,Male,0,52,20.29,1022.63,No
CUST278,Female,0,36,105.9,3795.07,Yes
CUST279,Male,0,38,38.6,1522.14,Yes
CUST280,Female,0,50,75.21,3754.8,No
CUST281,Female,0,63,61.58,3921.52,No
CUST282,Female,0,63,91.97,5745.67,No
CUST283,Female,0,62,57.12,3522.26,No
CUST284,Male,0,7,106.98,796.56,No
CUST285,Female,0,27,93.05,2472.07,No
CUST286,Male,1,14,84.77,1237.39,Yes
CUST287,Male,0,71,99.62,7041.6,Yes
CUST288,Male,0,5,95.4,460.92,No
CUST289,Male,0,55,23.59,1380.96,No
CUST290,Female,1,2,59.47,97.15,Yes
CUST291,Male,0,62,113.08,7018.23,No
CUST292,Male,0,21,32.57,714.79,Yes
CUST293,Male,0,21,93.71,1979.24,No
CUST294,Female,0,10,117.46,1187.35,No
CUST295,Female,0,58,25.22,1459.93,No
CUST296,Female,1,39,88.22,3375.47,No
CUST297,Female,1,5,66.82,351.51,Yes
CUST298,Male,0,65,77.92,5028.18,No
CUST299,Male,0,13,28.53,409.68,No
CUST300,Female,1,53,24.3,1356.5,No
CUST301,Male,0,45,86.69,3810.77,No
CUST302,Male,0,32,102.33,3343.25,No
CUST303,Male,0,36,98.2,3514.65,No
CUST304,Female,0,60,74.38,4456.25,No
CUST305,Female,0,11,29.99,284.27,Yes
CUST306,Male,0,63,88.8,5603.82,Yes
CUST307,Female,1,21,44.19,931.33,No
CUST308,Female,1,52,111.11,5831.57,No
CUST309,Female,0,55,103.83,5673.58,No
CUST310,Female,0,26,90.94,2447.48,Yes
CUST311,Female,1,68,114.88,7845.08,No
CUST312,Male,0,34,23.14,791.31,No
CUST313,Female,0,52,93.62,4859.2,No
CUST314,Male,1,52,53.02,2741.71,No
CUST315,Male,1,29,110.61,3195.62,No
CUST316,Female,0,38,46.67,1781.88,No
CUST317,Male,0,42,92.49,3874.13,No
CUST318,Male,0,21,107.76,2230.93,No
CUST319,Male,0,42,24.17,1023.86,No
CUST320,Female,0,13,59.76,735.07,No
CUST321,Female,0,64,96.23,6174.84,No
CUST322,Male,0,17,65.49,1102.18,Yes
CUST323,Female,0,9,46.73,455.41,Yes
CUST324,Female,0,41,41.98,1770.63,No
CUST325,Female,0,1,33.15,82.58,No
CUST326,Female,1,2,105.71,227.33,No
CUST327,Male,0,60,77.54,4674.14,Yes
CUST328,Male,0,48,27.64,1310.58,No
CUST329,Female,0,29,58.26,1723.42,No
CUST330,Female,0,10,56.77,607.23,Yes
CUST331,Male,0,58,38.17,2135.49,No
CUST332,Male,0,60,63.55,3831.92,Yes
CUST333,Female,0,21,53.21,1185.82,No
CUST334,Male,0,28,54.18,1499.23,No
CUST335,Female,0,34,93.9,3163.87,Yes
CUST336,Female,0,8,42.33,317.65,No
CUST337,Male,1,59,84.19,4891.97,No
CUST338,Male,0,49,77.06,3782.24,No
CUST339,Female,0,17,76.81,1307.27,Yes
CUST340,Female,0,60,86.3,5187.85,Yes
CUST341,Male,0,45,74.84,3388.6,Yes
CUST342,Female,0,69,107.93,7407.27,No
CUST343,Male,0,32,87.56,2815.58,No
CUST344,Female,1,44,74.7,3308.96,No
CUST345,Male,0,65,102.98,6669.28,No
CUST346,Male,0,8,80.61,665.89,No
CUST347,Male,0,43,49.11,2115.77,No
CUST348,Female,1,1,40.71,9.15,No
CUST349,Female,0,51,35.23,1810.87,Yes
CUST350,Male,0,24,109.95,2624.26,No
CUST351,Female,0,24,91.01,2219.09,Yes
CUST352,Male,0,17,113.74,1921.62,Yes
CUST353,Male,0,5,80.33,337.16,No
CUST354,Female,1,20,67.34,1360.15,No
CUST355,Female,0,21,25.97,556.84,Yes
CUST356,Male,0,58,87.16,5001.22,No
CUST357,Female,0,31,78.22,2462.35,No
CUST358,Female,0,11,119.02,1344.13,No
CUST359,Male,0,52,43.92,2240.34,Yes
CUST360,Male,0,15,73.07,1063.07,Yes
CUST361,Female,0,7,85.1,588.6,No
CUST362,Male,0,28,84.46,2326.94,No
CUST363,Male,0,51,76.13,3914.65,No
CUST364,Female,0,58,97.69,5673.47,No
CUST365,Male,0,5,40.5,147.82,Yes
CUST366,Male,0,5,92.56,421.68,Yes
CUST367,Female,0,8,81.97,715.15,No
CUST368,Female,0,64,109.61,7091.82,Yes
CUST369,Male,1,10,104.72,1074.14,No
CUST370,Male,1,38,51.51,1946.82,No
CUST371,Female,0,8,47.62,358.96,Yes
CUST372,Female,0,25,118.17,2981.73,Yes
CUST373,Female,0,66,72.73,4803.98,No
CUST374,Female,0,50,110.64,5451.5,Yes
CUST375,Male,0,67,36.39,2489.72,Yes
CUST376,Female,0,49,84.28,4197.01,No
CUST377,Female,0,36,100.99,3672.5,No
CUST378,Male,0,68,114.74,7747.74,Yes
CUST379,Female,0,41,53.73,2171.09,No
CUST380,Male,0,62,92.5,5642.11,No
CUST381,Female,0,10,73.88,818.6,No
CUST382,Female,0,21,26.06,529.42,No
CUST383,Female,0,36,89,3320.66,No
CUST384,Male,0,12,89.01,1165.88,No
CUST385,Male,0,2,113.06,180.95,Yes
CUST386,Female,0,13,69.73,871.08,Yes
CUST387,Male,0,53,43.03,2303.9,No
CUST388,Male,0,32,24.46,694.99,No
CUST389,Male,0,16,61.56,963.05,Yes
CUST390,Male,0,32,50.19,1579.17,No
CUST391,Male,0,32,96.11,3168.08,No
CUST392,Male,1,11,55.43,617.78,No
CUST393,Female,0,10,114.91,1134.86,No
CUST394,Female,0,15,116.23,1711.88,No
CUST395,Male,0,17,82.09,1440.23,Yes
CUST396,Female,0,40,112.87,4489.96,Yes
CUST397,Female,0,18,96.09,1727.11,No
CUST398,Female,1,55,74.69,4075.99,Yes
CUST399,Female,0,25,38.03,874.87,No
CUST400,Male,0,59,65.86,3835.94,No
CUST401,Female,0,22,76.09,1648.88,No
CUST402,Female,0,30,106.4,3178.84,Yes
CUST403,Male,0,44,68.13,2986.75,Yes
CUST404,Male,0,32,109.77,3508.19,No
CUST405,Female,0,51,87.43,4434.5,No
CUST406,Female,1,46,33.7,1617.66,No
CUST407,Female,0,21,119.5,2556.9,No
CUST408,Female,0,32,72.72,2320.28,No
CUST409,Female,0,39,59.19,2321.12,No
CUST410,Female,0,12,85.91,1012.32,Yes
CUST411,Male,0,47,30.89,1309.66,Yes
CUST412,Female,0,18,83.65,1506.72,No
CUST413,Female,0,21,69.82,1481.5,No
CUST414,Male,0,13,60.67,708.08,No
CUST415,Male,0,21,115.3,2446.27,No
CUST416,Male,0,8,72.25,563.97,No
CUST417,Male,0,46,41.91,1944.76,No
CUST418,Female,1,7,65.9,448.78,No
CUST419,Female,0,23,111.94,2637.17,No
CUST420,Female,0,22,37.61,838.73,No
CUST421,Female,1,22,41.4,960.92,No
CUST422,Female,0,29,21.3,671.94,No
CUST423,Female,1,13,21.42,222.48,Yes
CUST424,Male,0,2,102.94,168.93,Yes
CUST425,Female,0,29,93.21,2725.67,No
CUST426,Male,0,52,55.5,2867.72,No
CUST427,Male,0,27,89.83,2413.48,No
CUST428,Female,0,50,59.52,3040.33,No
CUST429,Male,0,23,115.29,2636.15,No
CUST430,Female,0,44,116.71,5086.79,No
CUST431,Male,0,22,59.28,1262.47,No
CUST432,Female,0,43,105.42,4642.18,No
CUST433,Male,1,37,97.31,3591.56,Yes
CUST434,Female,0,61,51,3042.79,No
CUST435,Female,0,56,43.2,2330.73,No
CUST436,Female,0,3,65.82,166.23,No
CUST437,Female,0,63,98.13,6172.36,No
CUST438,Female,1,19,116.02,2251.84,No
CUST439,Male,0,23,96.36,2258.9,Yes
CUST440,Male,0,29,105.52,3059.76,No
CUST441,Male,0,30,80.31,2386.59,No
CUST442,Female,0,39,103.54,4055.04,No
CUST443,Male,0,25,98.44,2373.56,Yes
CUST444,Female,0,8,57.7,560.65,Yes
CUST445,Female,0,58,75.2,4394.31,Yes
CUST446,Male,0,16,100.48,1651.03,Yes
CUST447,Male,0,1,24.61,-29.1,Yes
CUST448,Female,1,5,100.81,568.18,No
CUST449,Male,1,3,37.79,90.37,Yes
CUST450,Female,0,65,71.47,4597.92,Yes
CUST451,Female,0,4,100.83,401.36,No
CUST452,Female,0,64,45.38,2901.19,Yes
CUST453,Female,0,10,44.58,391.87,Yes
CUST454,Female,1,21,60.28,1221.13,No
CUST455,Male,0,46,109.46,4986.5,Yes
CUST456,Male,0,27,20.04,492.89,No
CUST457,Female,0,66,110.14,7249.84,Yes
CUST458,Female,0,41,35.38,1381.13,No
CUST459,Male,0,13,119.01,1512.56,No
CUST460,Male,0,9,115.48,1091.58,No
CUST461,Female,0,36,69.47,2542.09,No
CUST462,Male,0,58,71.27,4081.17,No
CUST463,Female,0,54,68.15,3728.01,No
CUST464,Male,0,12,83.54,904.16,Yes
CUST465,Female,0,14,29.07,528.44,No
CUST466,Male,0,34,23.26,855.86,No
CUST467,Female,0,53,25.77,1337.82,No
CUST468,Male,0,20,64.44,1307.92,Yes
CUST469,Male,0,16,47.55,690.75,No
CUST470,Female,0,70,82.2,5757.02,No
CUST471,Male,0,56,119.24,6668.26,Yes
CUST472,Female,1,58,58.63,3358.8,No
CUST473,Male,0,4,77.38,286.09,Yes
CUST474,Female,0,4,61.56,217.89,No
CUST475,Male,0,20,104.73,2038.01,Yes
CUST476,Female,0,10,110.22,1059.29,No
CUST477,Male,0,24,107.74,2513.67,No
CUST478,Female,0,26,117.44,3096.31,No
CUST479,Male,0,37,22.75,795.14,No
CUST480,Female,0,54,103.98,5553.82,No
CUST481,Female,0,21,95.18,2040.86,Yes
CUST482,Female,0,38,42.87,1647.54,No
CUST483,Male,0,46,115.63,5359.21,Yes
CUST484,Female,0,4,34.82,185.08,No
CUST485,Male,0,60,87.95,5373.87,Yes
CUST486,Female,0,57,42.49,2414.13,No
CUST487,Male,0,45,63.14,2768.42,No
CUST488,Female,0,20,91.92,1851.95,No
CUST489,Male,0,17,76.33,1264.16,No
CUST490,Male,0,71,62.75,4407.37,Yes
CUST491,Female,0,4,52.63,215.52,No
CUST492,Male,0,14,103.97,1498.87,No
CUST493,Male,0,3,34.38,61.34,Yes
CUST494,Female,0,58,63.01,3718.3,No
CUST495,Male,0,55,110.38,6021.42,No
CUST496,Male,0,4,104.58,406.12,No
CUST497,Male,1,24,60.09,1461.48,No
CUST498,Female,0,34,96.31,3255.15,No
CUST499,Male,1,30,102.32,2980.8,No
CUST500,Female,0,19,108.89,2115.28,Yes
CUST501,Male,0,31,74.45,2276.78,No
CUST502,Male,0,60,40.45,2464.24,No
CUST503,Male,1,60,45.53,2668.59,Yes
CUST504,Female,0,19,49.57,887.16,No
CUST505,Male,0,49,79.38,3932.74,No
CUST506,Male,0,63,23.28,1483.67,No
CUST507,Female,0,22,83.6,1817.27,No
CUST508,Male,0,24,56.44,1372.31,Yes
CUST509,Female,0,30,49.52,1437.9,No
CUST510,Female,0,58,107.95,6266.61,Yes
CUST511,Male,0,31,66,2052.43,No
CUST512,Female,1,64,29.51,1869.95,No
CUST513,Male,1,19,102.67,1908.97,No
CUST514,Female,0,48,24.76,1191.99,Yes
CUST515,Female,0,45,92.67,4167.4,No
CUST516,Male,1,55,97.39,5333.16,No
CUST517,Female,0,55,55.26,2987.61,Yes
CUST518,Female,0,18,102.48,1845.26,No
CUST519,Female,1,63,71.57,4485.74,No
CUST520,Female,0,47,66.33,3065.78,No
CUST521,Female,0,57,24.54,1400.96,Yes
CUST522,Male,0,45,49,2285.42,Yes
CUST523,Female,1,33,113.1,3713.96,No
CUST524,Male,1,17,59.18,1080.95,No
CUST525,Female,1,70,74.67,5332.62,Yes
CUST526,Male,0,4,73.2,245.13,Yes
CUST527,Male,1,20,79.04,1581.25,No
CUST528,Female,0,47,26.13,1333.3,No
CUST529,Female,0,15,56.22,837.25,Yes
CUST530,Female,0,70,92.31,6463.54,No
CUST531,Male,0,47,40.06,1799.32,No
CUST532,Female,0,9,40.36,336.66,Yes
CUST533,Male,0,16,21.01,363.94,No
CUST534,Male,0,69,63.75,4520.21,No
CUST535,Male,0,61,108.27,6594.67,No
CUST536,Female,0,10,25.19,168.77,No
CUST537,Female,0,50,39.11,1885.24,No
CUST538,Male,0,3,51.01,151.24,No
CUST539,Male,0,70,93.17,6580.76,Yes
CUST540,Female,0,51,84.06,4318.93,No
CUST541,Male,0,19,61.59,1193.22,No
CUST542,Female,0,42,95.91,4093.68,Yes
CUST543,Male,0,35,80.96,2797.59,Yes
CUST544,Female,0,46,109.6,5042.55,Yes
CUST545,Male,1,26,101.8,2620.78,No
CUST546,Female,0,69,45.28,3110.75,Yes
CUST547,Male,0,64,47.14,2966.65,Yes
CUST548,Female,0,37,32.54,1186.78,No
CUST549,Female,1,49,53.7,2629.91,No
CUST550,Male,0,21,119.95,2500.38,Yes
CUST551,Male,1,64,60.58,3869.07,No
CUST552,Female,0,5,42.05,230.5,No
CUST553,Male,1,70,96.25,6799.43,No
CUST554,Female,0,4,74.25,362.56,No
CUST555,Male,1,39,34.96,1401.51,Yes
CUST556,Female,0,35,58.07,1969.45,No
CUST557,Female,0,1,61.45,43.43,No
CUST558,Female,0,24,95.38,2275.41,Yes
CUST559,Female,0,57,22.07,1225.13,Yes
CUST560,Female,0,70,46.9,3300.12,No
CUST561,Female,1,41,71.76,2862.44,Yes
CUST562,Male,1,54,46.88,2616.2,No
CUST563,Male,0,46,82.84,3870.4,Yes
CUST564,Male,0,60,68.19,4115.31,No
CUST565,Female,0,60,56.17,3367.09,No
CUST566,Female,0,57,114.92,6611.88,No
CUST567,Female,0,31,83.22,2614.29,No
CUST568,Female,0,24,32.99,847.09,No
CUST569,Male,0,36,76.01,2733.41,No
CUST570,Male,0,30,98.07,3031.57,No
CUST571,Female,0,24,90.85,2238.74,No
CUST572,Male,0,30,37.21,1141.78,No
CUST573,Male,0,7,117.24,883.48,No
CUST574,Female,0,35,64.88,2249.84,No
CUST575,Male,1,55,35.9,1916.12,No
CUST576,Female,0,14,38.02,548.36,Yes
CUST577,Male,0,10,29.82,295.35,No
CUST578,Female,0,16,100.35,1595.71,No
CUST579,Female,0,54,32.2,1799.62,No
CUST580,Female,1,70,32.51,2284.06,No
CUST581,Female,0,44,105.05,4635.38,No
CUST582,Male,0,45,54.46,2434.35,No
CUST583,Female,0,56,23.09,1337.1,Yes
CUST584,Female,1,57,25.19,1470.92,Yes
CUST585,Female,1,21,34.22,762.3,No
CUST586,Male,0,68,41.34,2786.26,No
CUST587,Female,0,50,86.51,4390.7,Yes
CUST588,Male,0,33,35.73,1271.03,Yes
CUST589,Female,1,7,31.89,265.33,Yes
CUST590,Male,0,70,96.47,6712.44,No
CUST591,Male,1,15,87.11,1266.54,No
CUST592,Female,0,32,63.53,2014.19,No
CUST593,Male,0,20,74.93,1470.38,No
CUST594,Female,0,15,51.2,764.45,No
CUST595,Female,0,48,68.25,3307.62,No
CUST596,Female,0,71,70.67,5032.07,No
CUST597,Male,0,21,58.72,1243.23,Yes
CUST598,Male,0,42,110.66,4635.66,No
CUST599,Female,0,26,21.61,558.17,No
CUST600,Female,0,14,98.22,1414.91,No
CUST601,Male,0,57,32.44,1748.48,Yes
CUST602,Female,1,37,99.75,3690.18,Yes
CUST603,Female,1,58,81.59,4746.62,Yes
CUST604,Female,1,21,104.33,2230.11,No
CUST605,Male,1,69,29.75,2002.25,No
CUST606,Male,0,3,75.9,174.55,Yes
CUST607,Male,0,37,70.11,2623.27,No
CUST608,Female,0,49,90.62,4345.16,No
CUST609,Female,0,19,73.43,1461.78,Yes
CUST610,Female,0,12,74.07,900.17,No
CUST611,Male,0,61,62.96,3918.5,Yes
CUST612,Female,0,41,50.88,2031.73,No
CUST613,Female,0,33,68.23,2229.77,No
CUST614,Female,0,50,31.85,1472.11,No
CUST615,Female,0,68,116.15,7858.42,Yes
CUST616,Male,0,71,91.44,6483.05,No
CUST617,Male,0,33,115.25,3705.11,No
CUST618,Female,1,24,42.67,1004.35,No
CUST619,Male,0,61,107.93,6484.36,Yes
CUST620,Male,0,61,100.88,6140.81,Yes
CUST621,Female,1,28,87.72,2513.52,Yes
CUST622,Female,1,58,82.5,4783.25,Yes
CUST623,Male,1,43,51.65,2303.86,No
CUST624,Female,0,41,101.64,4206.55,No
CUST625,Male,0,39,70.15,2803.26,No
CUST626,Female,0,49,27.09,1289.16,Yes
CUST627,Male,0,17,51.29,832.47,No
CUST628,Female,0,70,113.53,7964.38,Yes
CUST629,Male,0,70,105.07,7276.01,No
CUST630,Male,0,65,118.19,7705.91,No
CUST631,Male,0,5,82.8,397.8,No
CUST632,Female,0,2,44.75,156,No
CUST633,Male,0,22,36.28,832.14,Yes
CUST634,Male,0,57,38.69,2260.17,No
CUST635,Female,0,66,21.98,1412.97,No
CUST636,Female,0,16,59.07,997.53,No
CUST637,Male,1,51,39.14,2068.38,No
CUST638,Male,0,39,61.17,2383.69,No
CUST639,Female,0,40,113.5,4503.03,Yes
CUST640,Female,0,38,63.05,2359.81,No
CUST641,Female,0,60,107.8,6529.95,Yes
CUST642,Female,0,59,80.55,4886.67,No
CUST643,Female,0,10,44.71,398.02,No
CUST644,Male,0,64,55.59,3504.83,Yes
CUST645,Female,0,63,28.39,1834.64,No
CUST646,Male,1,49,53.35,2576.45,No
CUST647,Male,0,64,87.75,5666.92,No
CUST648,Male,0,32,27.21,893.99,No
CUST649,Female,1,7,40.54,282.58,No
CUST650,Male,1,21,58.14,1243,No
CUST651,Male,0,20,118.2,2383.01,No
CUST652,Female,0,26,98.49,2551.76,No
CUST653,Male,0,68,93.35,6259.98,No
CUST654,Male,0,15,31.62,483.23,No
CUST655,Female,0,14,98.1,1452.05,No
CUST656,Male,0,27,98.53,2579.87,Yes
CUST657,Male,0,40,80.11,3156.11,Yes
CUST658,Male,1,58,119.04,6925.66,Yes
CUST659,Female,1,28,52.53,1472.77,No
CUST660,Female,0,26,114.13,2987.94,No
CUST661,Female,0,63,111.47,6987.64,No
CUST662,Male,0,66,21.15,1454.02,No
CUST663,Male,0,25,65.01,1627.6,Yes
CUST664,Female,0,3,117.71,387.98,No
CUST665,Male,0,44,30.31,1349.65,No
CUST666,Male,0,42,74.78,3149.53,No
CUST667,Female,0,6,117.9,738.74,No
CUST668,Female,0,39,75.55,2955.77,No
CUST669,Male,0,52,38.98,1967.45,No
CUST670,Male,0,23,78.22,1853.43,No
CUST671,Male,0,50,40.44,2062.91,No
CUST672,Female,1,43,71.97,2989.37,No
CUST673,Female,0,19,27.4,487.89,Yes
CUST674,Female,0,69,80.55,5610.07,No
CUST675,Female,0,51,71.68,3564.33,No
CUST676,Male,0,11,94.02,1081.4,No
CUST677,Female,0,12,83.07,989.78,Yes
CUST678,Female,0,8,74.96,666.69,No
CUST679,Female,0,24,88.98,2135.46,No
CUST680,Female,0,41,34.39,1373.89,Yes
CUST681,Female,1,36,79.54,2878.84,No
CUST682,Male,0,55,37.21,2045.03,Yes
CUST683,Male,0,9,112.55,972.41,Yes
CUST684,Female,1,47,26.83,1371.93,Yes
CUST685,Male,0,15,63.04,897.05,Yes
CUST686,Female,1,48,89.58,4187.69,No
CUST687,Female,0,42,65.8,2842.68,Yes
CUST688,Male,0,60,29.21,1723.42,Yes
CUST689,Male,0,70,75.34,5258.96,Yes
CUST690,Female,0,12,84.16,992.02,Yes
CUST691,Female,0,2,90.38,152.28,Yes
CUST692,Female,0,7,57.33,363,No
CUST693,Male,0,3,76.37,179.27,Yes
CUST694,Female,0,3,65.07,198.45,No
CUST695,Female,0,27,87.21,2334.57,No
CUST696,Female,1,40,78.36,3170.92,Yes
CUST697,Male,1,33,72.58,2419.27,No
CUST698,Female,1,1,44.95,-1.43,Yes
CUST699,Female,0,8,20.2,167.03,Yes
CUST700,Male,0,32,37.41,1176.23,Yes
CUST701,Female,0,48,31.71,1472.5,No
CUST702,Female,0,4,64.91,294.11,No
CUST703,Male,0,70,81.23,5680.03,No
CUST704,Female,0,19,41.31,764.51,No
CUST705,Male,0,32,113.91,3602.34,No
CUST706,Male,0,9,20.67,134.63,Yes
CUST707,Female,0,12,97.23,1266.2,No
CUST708,Female,0,11,82.52,924.43,Yes
CUST709,Female,0,46,57.36,2584,Yes
CUST710,Female,1,16,25.05,415.19,Yes
CUST711,Male,0,1,82.75,135.85,Yes
CUST712,Female,0,63,58.56,3697.66,No
CUST713,Male,0,21,113.63,2454.93,No
CUST714,Female,0,30,74.2,2148.86,Yes
CUST715,Female,0,13,113.97,1382.04,No
CUST716,Female,0,34,42.05,1442.73,No
CUST717,Male,0,4,92.57,384.1,No
CUST718,Female,0,28,81.72,2121.18,Yes
CUST719,Female,0,59,93.94,5511.28,No
CUST720,Female,0,27,41.47,1069.26,No
CUST721,Female,1,69,86.5,5898.9,No
CUST722,Male,0,25,69.8,1694.45,No
CUST723,Female,0,3,94.28,312.63,Yes
CUST724,Male,1,68,52.7,3532.73,Yes
CUST725,Male,0,25,109.01,2676.09,No
CUST726,Male,0,20,28.43,487.66,No
CUST727,Male,0,34,100.72,3487.93,Yes
CUST728,Male,0,26,106.13,2781.11,No
CUST729,Male,1,5,101.73,384.03,No
CUST730,Female,0,61,71.27,4298.36,No
CUST731,Male,1,9,63.84,600.99,No
CUST732,Male,0,50,119.63,6045.57,No
CUST733,Male,0,6,42.92,299.56,No
CUST734,Female,0,60,74.69,4463.62,No
CUST735,Female,0,44,87.07,3734.51,Yes
CUST736,Male,0,11,90.09,1034.5,Yes
CUST737,Female,1,66,40.4,2651.56,Yes
CUST738,Male,0,47,85.4,4017.24,Yes
CUST739,Male,1,3,101.84,296.65,Yes
CUST740,Female,0,30,25,682.22,Yes
CUST741,Male,1,21,111.15,2352.36,No
CUST742,Female,0,28,22.95,653.92,Yes
CUST743,Female,0,62,55.6,3425.91,No
CUST744,Male,0,33,21.58,735.7,Yes
CUST745,Male,0,35,27.71,901.15,No
CUST746,Female,0,52,111.12,5764.79,No
CUST747,Male,0,34,55.49,1887.97,Yes
CUST748,Male,0,41,62.48,2474.93,No
CUST749,Male,1,51,41.53,2115.18,No
CUST750,Female,0,47,79.71,3783.05,No
CUST751,Female,0,58,79.48,4594.68,No
CUST752,Male,0,57,57.22,3259.83,No
CUST753,Female,0,23,53.3,1254.02,No
CUST754,Female,0,48,108.5,5188.61,No
CUST755,Female,0,22,58.33,1268.37,Yes
CUST756,Female,0,17,69.35,1120.11,No
CUST757,Female,0,69,48.33,3334.02,No
CUST758,Male,0,11,98.68,1068.74,No
CUST759,Male,0,15,59.74,921.05,Yes
CUST760,Male,0,35,71.36,2525.77,No
CUST761,Female,0,33,45.34,1535.78,No
CUST762,Female,0,16,118.77,1874.91,Yes
CUST763,Male,0,34,49.15,1562.27,No
CUST764,Female,0,66,97.07,6443.7,No
CUST765,Male,0,40,62.75,2531.56,No
CUST766,Male,0,28,40.62,1105.6,No
CUST767,Male,0,47,99.97,4726.34,No
CUST768,Female,0,39,53.36,2008.61,No
CUST769,Female,0,70,106.52,7507.91,No
CUST770,Male,0,20,111.53,2213.92,Yes
CUST771,Male,0,1,105.98,64.53,Yes
CUST772,Male,1,63,23.5,1449.41,No
CUST773,Male,0,67,98.74,6604.01,Yes
CUST774,Female,0,4,61.13,243.92,Yes
CUST775,Female,0,58,107.37,6229.87,No
CUST776,Male,0,25,83.8,2073.52,Yes
CUST777,Male,0,47,103.36,4867.93,No
CUST778,Female,1,38,69.94,2658.13,Yes
CUST779,Female,0,15,73.5,1070.12,No
CUST780,Male,0,63,34.44,2129.81,No
CUST781,Male,0,21,98.4,2096.82,Yes
CUST782,Male,0,57,61.94,3556.8,No
CUST783,Female,0,53,70.01,3713.39,Yes
CUST784,Female,0,46,98.51,4577.67,No
CUST785,Female,0,14,79.88,1020.25,No
CUST786,Male,0,17,40.11,653.65,No
CUST787,Male,0,39,79.02,3023.96,No
CUST788,Female,0,9,60.76,659.65,No
CUST789,Female,0,6,66.95,437.36,No
CUST790,Male,0,23,22.83,521.14,No
CUST791,Female,0,59,41,2458.25,Yes
CUST792,Female,0,46,48.1,2268.41,No
CUST793,Male,0,38,91.3,3524.68,Yes
CUST794,Female,0,14,21.15,342.19,No
CUST795,Male,0,62,60.88,3761.43,Yes
CUST796,Male,0,35,112.4,3908.93,No
CUST797,Male,0,19,31.19,544.5,Yes
CUST798,Male,0,30,71.64,2174.32,Yes
CUST799,Male,0,25,98.65,2458.3,No
CUST800,Male,0,40,114.25,4549.08,No
CUST801,Male,0,14,94.68,1301.99,No
CUST802,Female,1,26,92.06,2466.07,Yes
CUST803,Male,0,22,102.65,2305.93,Yes
CUST804,Male,0,48,64.62,3193.28,No
CUST805,Female,0,51,100.58,5156.03,No
CUST806,Female,1,3,20.8,65.25,Yes
CUST807,Female,0,42,112.46,4722.05,No
CUST808,Male,0,19,64.33,1171.25,No
CUST809,Female,0,28,75.34,2046.45,No
CUST810,Male,0,45,45.49,2072.42,No
CUST811,Male,0,71,94.25,6645.02,No
CUST812,Male,1,63,27.66,1753.15,Yes
CUST813,Male,0,19,107.26,2093.71,Yes
CUST814,Female,0,47,102.81,4798.8,No
CUST815,Female,0,14,41.61,683.06,No
CUST816,Male,0,38,100.93,3785.81,No
CUST817,Male,0,53,98.64,5277.43,No
CUST818,Male,0,61,83.22,5097.66,No
CUST819,Female,0,36,57.35,2124.3,No
CUST820,Male,0,40,47.15,1830.19,Yes
CUST821,Male,0,30,43.18,1410.75,Yes
CUST822,Female,0,9,51.86,457.8,No
CUST823,Female,1,64,110.36,7096.87,No
CUST824,Male,0,33,27.76,988.3,Yes
CUST825,Female,1,52,102.89,5320.05,No
CUST826,Female,0,14,54.89,809.75,No
CUST827,Male,0,53,72.16,3785.91,No
CUST828,Female,0,59,99.45,5937.4,Yes
CUST829,Male,0,41,108.44,4408.03,No
CUST830,Female,0,68,54.48,3706.57,Yes
CUST831,Male,0,68,66.18,4515.55,No
CUST832,Male,0,8,61.45,530.81,Yes
CUST833,Male,0,2,21.33,141.08,No
CUST834,Female,1,41,49.59,2010.59,Yes
CUST835,Male,1,55,65.92,3682.54,No
CUST836,Female,0,16,61.11,1076.27,No
CUST837,Male,0,62,92.19,5724.07,Yes
CUST838,Male,0,48,58.48,2779.53,No
CUST839,Female,0,30,68.94,1981.7,Yes
CUST840,Male,0,12,62.96,849.68,No
CUST841,Male,0,35,94.06,3279.88,No
CUST842,Female,0,11,106.3,1119.23,No
CUST843,Male,1,64,73.19,4616.24,No
CUST844,Male,0,50,98.94,4896.84,No
CUST845,Male,0,21,49.68,1089.27,No
CUST846,Male,0,69,74.14,5168.55,Yes
CUST847,Female,0,48,54.52,2649.57,No
CUST848,Female,0,20,61.42,1235.02,No
CUST849,Male,1,67,93.24,6184.8,Yes
CUST850,Female,0,44,108.17,4722.98,No
CUST851,Male,1,33,32.15,1005.62,Yes
CUST852,Female,0,61,83.46,5119.7,No
CUST853,Male,0,9,78.21,650.72,Yes
CUST854,Male,0,68,31.84,2129.41,No
CUST855,Male,0,35,41.19,1432.48,No
CUST856,Male,1,65,51.1,3238.01,Yes
CUST857,Male,1,8,36.69,295.86,Yes
CUST858,Male,0,45,44.37,1991.29,No
CUST859,Female,0,47,46.76,2256.93,No
CUST860,Male,0,40,53.57,2101.81,Yes
CUST861,Female,1,54,94.94,5061.8,Yes
CUST862,Male,0,46,77.19,3532.04,No
CUST863,Female,0,47,118.62,5520.24,No
CUST864,Female,0,15,61.47,924.01,No
CUST865,Female,0,19,95.39,1719.41,No
CUST866,Male,0,26,107.15,2755.63,Yes
CUST867,Male,0,52,87.9,4524.38,No
CUST868,Female,1,22,61.19,1374.57,No
CUST869,Male,0,21,95.36,1962.03,Yes
CUST870,Female,0,51,40.37,1972.07,No
CUST871,Male,1,38,52.76,1994.79,No
CUST872,Female,0,20,74.67,1509.39,No
CUST873,Female,1,29,77.54,2235.1,No
CUST874,Male,0,51,22.21,1102.14,Yes
CUST875,Female,0,4,114.51,424.46,No
CUST876,Male,1,55,89.66,4936.95,No
CUST877,Female,0,71,69.57,4895,Yes
CUST878,Female,0,28,113.31,3156.26,No
CUST879,Male,0,4,63.91,293.16,No
CUST880,Male,0,22,118.04,2531.81,No
CUST881,Male,0,45,71.23,3203.17,No
CUST882,Female,0,67,31.43,2016.36,No
CUST883,Male,1,66,96.48,6379.08,No
CUST884,Female,0,34,87.89,2939.32,No
CUST885,Female,0,55,97.3,5402.48,No
CUST886,Male,0,1,115.14,41.29,Yes
CUST887,Male,0,38,97.65,3732.8,No
CUST888,Female,0,6,81.13,547.84,No
CUST889,Female,1,25,105.73,2591.72,No
CUST890,Male,0,17,87.32,1441.35,No
CUST891,Male,0,61,60.81,3662.2,No
CUST892,Male,0,12,108.56,1278.43,No
CUST893,Male,0,6,42.19,279.01,Yes
CUST894,Male,0,27,91.46,2441.04,Yes
CUST895,Female,0,8,108.16,809.23,No
CUST896,Female,0,65,93.13,5952.51,No
CUST897,Female,0,57,89.73,5194.71,Yes
CUST898,Female,0,40,95.26,3894.42,Yes
CUST899,Male,0,14,66.51,959.15,No
CUST900,Male,0,35,107.42,3719.18,No
CUST901,Male,0,48,40.34,1973.71,No
CUST902,Female,0,56,32.74,1880.88,No
CUST903,Female,0,49,48.55,2366.24,Yes
CUST904,Male,0,13,73.16,953.15,No
CUST905,Male,0,61,71.06,4396.25,No
CUST906,Female,0,49,102.06,4918.92,No
CUST907,Female,0,46,60.46,2831.08,Yes
CUST908,Male,0,62,68.43,4227.2,Yes
CUST909,Male,0,8,21.34,115.09,Yes
CUST910,Female,1,43,60.97,2570.19,No
CUST911,Male,0,20,84.78,1652.36,No
CUST912,Male,0,39,21.55,779.95,No
CUST913,Male,0,49,48.09,2444.98,No
CUST914,Female,0,64,40.8,2635.76,No
CUST915,Female,0,62,24.2,1553.62,No
CUST916,Female,1,54,67.93,3696.34,Yes
CUST917,Female,0,9,38.17,346.59,No
CUST918,Female,0,37,94.31,3493.21,No
CUST919,Female,0,49,104.79,5114.83,No
CUST920,Female,1,41,74.56,3041.17,No
CUST921,Male,0,17,118.17,1938.48,No
CUST922,Male,0,21,65.05,1420.14,No
CUST923,Male,0,51,71.34,3547.68,No
CUST924,Male,0,59,118.92,6963.35,No
CUST925,Male,1,39,43.15,1783.45,No
CUST926,Male,1,55,114.25,6290.56,No
CUST927,Male,0,41,24.28,1004.37,Yes
CUST928,Female,1,39,64.64,2552.83,No
CUST929,Female,0,13,27,273.98,No
CUST930,Male,1,64,92.92,5877.19,Yes
CUST931,Male,0,11,80.84,867,Yes
CUST932,Female,0,19,90.66,1677.37,Yes
CUST933,Male,0,11,57.45,628.2,No
CUST934,Male,0,46,56.95,2643.98,No
CUST935,Female,0,45,24.53,1173.31,No
CUST936,Male,0,1,54.99,95.54,No
CUST937,Female,0,40,112.93,4467.49,No
CUST938,Male,0,19,57.92,1081.73,No
CUST939,Female,0,61,103.14,6259.19,No
CUST940,Female,0,12,104.23,1199.93,No
CUST941,Female,1,61,57.32,3434.31,Yes
CUST942,Male,0,33,83.2,2828.82,No
CUST943,Female,0,45,29.54,1329.83,No
CUST944,Male,0,69,30.37,2084.32,No
CUST945,Male,1,8,24.87,223.17,No
CUST946,Male,0,25,78.1,1979.19,No
CUST947,Male,0,46,62.61,2936,Yes
CUST948,Female,0,30,74.8,2206.82,No
CUST949,Female,1,47,72.11,3409.31,Yes
CUST950,Male,0,49,55.02,2650.42,No
CUST951,Male,0,47,87.75,4114.74,No
CUST952,Female,0,18,95.85,1728.14,No
CUST953,Male,1,66,21.46,1424.08,No
CUST954,Female,0,68,40.72,2774.48,No
CUST955,Male,0,33,91.32,3053.65,No
CUST956,Male,1,36,58.66,2081.91,No
CUST957,Female,0,19,86.25,1647.83,No
CUST958,Male,0,28,54.7,1493.65,No
CUST959,Female,0,40,59.08,2509.24,No
CUST960,Male,0,15,35.87,492.41,Yes
CUST961,Male,0,41,45.82,1843.59,No
CUST962,Male,0,39,80.54,3185.19,No
CUST963,Female,0,2,63.32,105.17,No
CUST964,Male,0,63,97.43,6182.24,Yes
CUST965,Male,1,29,105.26,3060.19,No
CUST966,Male,0,66,74.16,4874.4,Yes
CUST967,Male,1,51,95.83,4849.69,Yes
CUST968,Female,0,10,50.69,467.46,No
CUST969,Female,1,14,61.5,841.38,No
CUST970,Male,0,51,91.28,4646.56,Yes
CUST971,Female,0,39,58.62,2244.59,No
CUST972,Male,0,28,78.85,2202.34,No
CUST973,Male,1,3,38.54,60.91,No
CUST974,Male,0,70,79.98,5636.4,Yes
CUST975,Female,0,27,106.15,2913.42,No
CUST976,Female,0,2,106.86,178.5,No
CUST977,Female,0,38,92.43,3474.33,No
CUST978,Female,0,3,94.58,292.64,No
CUST979,Female,0,16,75.79,1275.91,No
CUST980,Female,0,40,78.47,3213.13,Yes
CUST981,Female,0,2,33.37,-3.4,No
CUST982,Female,0,41,64.39,2690.31,No
CUST983,Female,0,12,65.08,777.88,No
CUST984,Male,0,35,115.85,4052.64,No
CUST985,Female,0,65,63.11,4127.39,Yes
CUST986,Female,0,55,74.93,4097.1,No
CUST987,Female,0,45,73.33,3354.69,No
CUST988,Female,0,62,83.68,5259.36,No
CUST989,Female,0,49,94.82,4719.24,No
CUST990,Female,0,25,42.5,970.3,No
CUST991,Female,0,23,72.87,1664.53,No
CUST992,Female,0,24,102.59,2365.4,Yes
CUST993,Female,0,38,66.31,2481.52,No
CUST994,Female,0,28,47.85,1219.93,No
CUST995,Female,0,21,85.47,1817.38,No
CUST996,Male,0,54,102.38,5539.49,No
CUST997,Male,0,18,26.31,451.95,No
CUST998,Female,0,36,97.68,3476.92,Yes
CUST999,Female,0,45,102.16,4612.9,Yes
CUST1000,Male,1,53,66.15,3455.38,No
